0,52.4584033,-1.94416,167.9,2017-08-10 17:16:19
1,52.45841,-1.9441367,166.2,2017-08-10 17:16:29
2,52.458395,-1.9440867,167.9,2017-08-10 17:16:41
3,52.458385,-1.9440767,169.7,2017-08-10 17:16:51
4,52.4583867,-1.9440867,167.1,2017-08-10 17:17:01
5,52.4583933,-1.9441167,167.6,2017-08-10 17:17:11
6,52.4583983,-1.9441217,167.9,2017-08-10 17:17:21
7,52.4584017,-1.9441333,167.8,2017-08-10 17:17:31
8,52.458405,-1.94414,167.2,2017-08-10 17:17:41
9,52.4584066,-1.944145,167.0,2017-08-10 17:17:51
10,52.45841,-1.9441416,166.5,2017-08-10 17:18:01
11,52.458415,-1.944145,167.3,2017-08-10 17:18:11
12,52.4583216,-1.9439366,174.0,2017-08-10 17:22:56
13,52.4583667,-1.944205,166.2,2017-08-10 17:23:06
14,52.4583867,-1.9442933,159.1,2017-08-10 17:23:16
15,52.458335,-1.9442767,157.2,2017-08-10 17:23:26
16,52.4583183,-1.944215,156.4,2017-08-10 17:23:36
17,52.4584,-1.9441767,151.0,2017-08-10 17:23:46
18,52.4584183,-1.9440783,156.4,2017-08-10 17:23:59
19,52.4584017,-1.9440933,155.2,2017-08-10 17:24:09
20,52.4584217,-1.94406,155.9,2017-08-10 17:24:19
21,52.4584466,-1.9440467,156.2,2017-08-10 17:24:29
22,52.4584433,-1.9440216,156.1,2017-08-10 17:24:39
23,52.458435,-1.9440633,156.0,2017-08-10 17:24:49
24,52.4584433,-1.9440767,156.0,2017-08-10 17:25:00
25,52.4584283,-1.9440367,155.6,2017-08-10 17:25:10
26,52.4583233,-1.9440233,154.7,2017-08-10 17:25:20
27,52.4582983,-1.94396,155.0,2017-08-10 17:25:30
28,52.4583133,-1.9440083,156.4,2017-08-10 17:25:40
29,52.4582916,-1.944035,158.0,2017-08-10 17:25:51
30,52.458295,-1.9440483,159.9,2017-08-10 17:26:01
31,52.4582866,-1.9440333,160.7,2017-08-10 17:26:11
32,52.4582916,-1.9440367,161.6,2017-08-10 17:26:21
33,52.4582833,-1.9439967,162.5,2017-08-10 17:26:31
34,52.458285,-1.9439734,163.0,2017-08-10 17:26:41
35,52.4582967,-1.944015,162.9,2017-08-10 17:26:51
36,52.458305,-1.9439983,161.4,2017-08-10 17:27:01
37,52.4582983,-1.94399,163.3,2017-08-10 17:27:11
38,52.4582883,-1.9439867,164.6,2017-08-10 17:27:21
39,52.45825,-1.9439783,164.2,2017-08-10 17:27:31
40,52.4582416,-1.9439717,165.9,2017-08-10 17:27:41
41,52.458245,-1.9439867,166.6,2017-08-10 17:27:51
42,52.4582467,-1.9439951,167.8,2017-08-10 17:28:01
43,52.4582667,-1.943955,167.8,2017-08-10 17:28:11
44,52.4582733,-1.9439583,168.2,2017-08-10 17:28:21
45,52.4582967,-1.943925,169.5,2017-08-10 17:28:32
46,52.458325,-1.9439467,174.2,2017-08-10 17:28:42
47,52.4583483,-1.9439951,174.0,2017-08-10 17:28:52
48,52.4583616,-1.9440467,173.6,2017-08-10 17:29:03
49,52.4584033,-1.9439817,171.5,2017-08-10 17:29:13
50,52.458445,-1.943885,172.3,2017-08-10 17:29:24
51,52.4584466,-1.943815,169.9,2017-08-10 17:29:34
52,52.4584366,-1.943815,165.6,2017-08-10 17:29:44
53,52.4584566,-1.9438217,168.4,2017-08-10 17:29:54
54,52.4584983,-1.9438183,170.2,2017-08-10 17:30:04
55,52.4585266,-1.943815,170.5,2017-08-10 17:30:14
56,52.45854,-1.9437683,169.4,2017-08-10 17:30:24
57,52.4585666,-1.943735,166.7,2017-08-10 17:30:34
58,52.4586,-1.9437217,164.4,2017-08-10 17:30:44
59,52.4586266,-1.9436933,163.8,2017-08-10 17:30:54
60,52.458625,-1.9436767,163.5,2017-08-10 17:31:04
61,52.45862,-1.9436467,163.7,2017-08-10 17:31:14
62,52.4586116,-1.94363,159.4,2017-08-10 17:31:24
63,52.4585916,-1.9435717,157.7,2017-08-10 17:31:34
64,52.458585,-1.94359,158.6,2017-08-10 17:31:44
65,52.4585633,-1.94358,161.2,2017-08-10 17:31:54
66,52.458545,-1.9435784,162.5,2017-08-10 17:32:04
67,52.4585016,-1.9436067,162.9,2017-08-10 17:32:14
68,52.4584416,-1.94362,170.8,2017-08-10 17:32:25
69,52.4584166,-1.943585,176.9,2017-08-10 17:32:35
70,52.4584283,-1.943575,174.2,2017-08-10 17:32:45
71,52.4584233,-1.9435717,172.4,2017-08-10 17:32:55
72,52.4584533,-1.943545,169.6,2017-08-10 17:33:05
73,52.458465,-1.9435199,171.9,2017-08-10 17:33:15
74,52.45846,-1.943445,170.7,2017-08-10 17:33:25
75,52.4584683,-1.9434267,170.5,2017-08-10 17:33:35
76,52.4585117,-1.94338,168.3,2017-08-10 17:33:45
77,52.4585333,-1.943355,169.2,2017-08-10 17:33:55
78,52.4585417,-1.943305,173.1,2017-08-10 17:34:05
79,52.4585433,-1.9432817,174.1,2017-08-10 17:34:15
80,52.4585283,-1.94324,173.3,2017-08-10 17:34:25
81,52.4585433,-1.94324,172.2,2017-08-10 17:34:35
82,52.4585383,-1.9432467,170.4,2017-08-10 17:34:45
83,52.4585283,-1.9432667,169.2,2017-08-10 17:34:55
84,52.45853,-1.9432766,170.9,2017-08-10 17:35:05
85,52.4585566,-1.9432467,175.8,2017-08-10 17:35:15
86,52.45855,-1.943215,173.4,2017-08-10 17:35:25
87,52.458555,-1.94324,173.0,2017-08-10 17:35:36
88,52.4585266,-1.9432949,169.6,2017-08-10 17:35:46
89,52.4585517,-1.9432967,170.1,2017-08-10 17:35:56
90,52.4585883,-1.9432684,171.9,2017-08-10 17:36:06
91,52.4586166,-1.94324,171.7,2017-08-10 17:36:16
92,52.458625,-1.9432184,171.6,2017-08-10 17:36:26
93,52.4586366,-1.943195,173.3,2017-08-10 17:36:36
94,52.45864,-1.9431484,171.7,2017-08-10 17:36:46
95,52.4586316,-1.9431167,170.8,2017-08-10 17:36:57
96,52.4586316,-1.9431067,170.5,2017-08-10 17:37:07
97,52.4586467,-1.9431167,169.4,2017-08-10 17:37:17
98,52.458655,-1.9431083,168.6,2017-08-10 17:37:27
99,52.4586483,-1.9431017,167.4,2017-08-10 17:37:37
100,52.4586433,-1.9431,166.7,2017-08-10 17:37:47
101,52.45865,-1.9431167,164.3,2017-08-10 17:37:57
102,52.4586533,-1.9431433,164.3,2017-08-10 17:38:07
103,52.458625,-1.9430884,164.9,2017-08-10 17:38:17
104,52.458625,-1.9430983,165.1,2017-08-10 17:38:27
105,52.45862,-1.9431167,163.3,2017-08-10 17:38:37
106,52.458615,-1.9431283,164.1,2017-08-10 17:38:48
107,52.458635,-1.9431034,164.8,2017-08-10 17:38:59
108,52.458615,-1.9431267,166.8,2017-08-10 17:39:09
109,52.4586116,-1.943125,168.6,2017-08-10 17:39:19
110,52.458635,-1.943095,165.7,2017-08-10 17:39:29
111,52.4586583,-1.94309,163.9,2017-08-10 17:39:39
112,52.4586433,-1.9431017,163.8,2017-08-10 17:39:49
113,52.4586533,-1.9430867,165.1,2017-08-10 17:39:59
114,52.4586833,-1.94304,168.8,2017-08-10 17:40:09
115,52.458665,-1.9431383,172.4,2017-08-10 17:40:19
116,52.458665,-1.9430767,168.0,2017-08-10 17:40:29
117,52.458685,-1.9429833,172.4,2017-08-10 17:40:39
118,52.4586667,-1.9429666,168.5,2017-08-10 17:40:50
119,52.4586316,-1.9429634,166.7,2017-08-10 17:41:00
120,52.4586216,-1.9429417,166.9,2017-08-10 17:41:10
121,52.4586166,-1.9429467,163.2,2017-08-10 17:41:20
122,52.45859,-1.9429367,155.8,2017-08-10 17:41:30
123,52.4585833,-1.94294,160.8,2017-08-10 17:41:40
124,52.45861,-1.942955,162.0,2017-08-10 17:41:50
125,52.45863,-1.9429617,165.8,2017-08-10 17:42:00
126,52.4586783,-1.9430084,168.9,2017-08-10 17:42:11
127,52.458705,-1.9430133,167.6,2017-08-10 17:42:21
128,52.45871,-1.943005,166.8,2017-08-10 17:42:31
129,52.4586867,-1.9429867,169.8,2017-08-10 17:42:41
130,52.45868,-1.94297,168.9,2017-08-10 17:42:51
131,52.4586616,-1.9430017,172.3,2017-08-10 17:43:01
132,52.45866,-1.9429266,173.3,2017-08-10 17:43:11
133,52.4586716,-1.9429133,172.5,2017-08-10 17:43:21
134,52.4586616,-1.9429433,175.0,2017-08-10 17:43:31
135,52.4586416,-1.9429733,176.2,2017-08-10 17:43:41
136,52.458655,-1.9429883,176.3,2017-08-10 17:43:51
137,52.458685,-1.9430116,175.1,2017-08-10 17:44:01
138,52.4587,-1.943015,175.4,2017-08-10 17:44:11
139,52.4587133,-1.9430634,175.3,2017-08-10 17:44:21
140,52.4587116,-1.9430934,176.2,2017-08-10 17:44:31
141,52.458715,-1.943135,177.9,2017-08-10 17:44:41
142,52.4587316,-1.9431267,178.4,2017-08-10 17:44:51
143,52.4587566,-1.9431133,177.4,2017-08-10 17:45:01
144,52.458765,-1.9431267,175.6,2017-08-10 17:45:11
145,52.45875,-1.9431733,167.1,2017-08-10 17:45:22
146,52.4587666,-1.9431466,166.9,2017-08-10 17:45:32
147,52.45874,-1.94311,167.2,2017-08-10 17:45:43
148,52.458755,-1.9431533,159.2,2017-08-10 17:45:53
149,52.458785,-1.943125,159.9,2017-08-10 17:46:03
150,52.4587717,-1.94316,157.1,2017-08-10 17:46:13
151,52.4587666,-1.9431766,155.2,2017-08-10 17:46:23
152,52.4587517,-1.9432217,153.5,2017-08-10 17:46:33
153,52.45875,-1.9432867,149.2,2017-08-10 17:46:43
154,52.458745,-1.94325,152.4,2017-08-10 17:46:53
155,52.4587266,-1.94323,155.4,2017-08-10 17:47:03
156,52.4587133,-1.9432233,157.8,2017-08-10 17:47:13
157,52.458705,-1.943225,158.3,2017-08-10 17:47:23
158,52.4586933,-1.943245,159.7,2017-08-10 17:47:33
159,52.45869,-1.9432166,161.6,2017-08-10 17:47:43
160,52.458675,-1.9432,162.5,2017-08-10 17:47:53
161,52.4586566,-1.94318,165.1,2017-08-10 17:48:03
162,52.4586216,-1.9431567,166.4,2017-08-10 17:48:13
163,52.4585733,-1.94314,166.9,2017-08-10 17:48:23
164,52.4585617,-1.9431617,166.3,2017-08-10 17:48:34
165,52.45853,-1.9431417,167.0,2017-08-10 17:48:44
166,52.458515,-1.9431233,168.8,2017-08-10 17:48:54
167,52.4584966,-1.9430817,169.9,2017-08-10 17:49:04
168,52.4584833,-1.9430533,171.0,2017-08-10 17:49:14
169,52.4584933,-1.9430317,171.6,2017-08-10 17:49:24
170,52.45848,-1.9430017,169.7,2017-08-10 17:49:34
171,52.4584866,-1.9429683,170.2,2017-08-10 17:49:44
172,52.458515,-1.9429634,172.9,2017-08-10 17:49:54
173,52.4585866,-1.94297,178.1,2017-08-10 17:50:04
174,52.458595,-1.9429683,179.7,2017-08-10 17:50:14
175,52.4585816,-1.94294,180.1,2017-08-10 17:50:24
176,52.4585617,-1.9429433,180.2,2017-08-10 17:50:34
177,52.4585266,-1.9429467,177.3,2017-08-10 17:50:44
178,52.4584917,-1.94295,171.7,2017-08-10 17:50:54
179,52.45849,-1.9429516,171.8,2017-08-10 17:51:04
180,52.458495,-1.9429417,171.4,2017-08-10 17:51:15
181,52.4585117,-1.9429,169.8,2017-08-10 17:51:25
182,52.4585133,-1.94289,168.7,2017-08-10 17:51:35
183,52.4585066,-1.94291,165.2,2017-08-10 17:51:46
184,52.45854,-1.9429234,164.2,2017-08-10 17:51:56
185,52.4585617,-1.9429333,164.9,2017-08-10 17:52:06
186,52.458585,-1.9429433,165.0,2017-08-10 17:52:16
187,52.4586183,-1.9429533,166.0,2017-08-10 17:52:26
188,52.458595,-1.9429567,167.6,2017-08-10 17:52:36
189,52.4586166,-1.9429883,166.3,2017-08-10 17:52:46
190,52.4586516,-1.9429733,169.9,2017-08-10 17:52:56
191,52.4586316,-1.9429634,166.1,2017-08-10 17:53:06
192,52.45863,-1.942995,166.2,2017-08-10 17:53:16
193,52.4586433,-1.943025,165.9,2017-08-10 17:53:26
194,52.4586783,-1.94302,164.3,2017-08-10 17:53:36
195,52.4586983,-1.9430467,164.4,2017-08-10 17:53:46
196,52.4587216,-1.943065,164.6,2017-08-10 17:53:56
197,52.45876,-1.9430916,165.2,2017-08-10 17:54:06
198,52.458745,-1.943145,168.7,2017-08-10 17:54:17
199,52.45874,-1.9431733,171.0,2017-08-10 17:54:27
200,52.458765,-1.9431967,169.2,2017-08-10 17:54:37
201,52.4587633,-1.943215,168.5,2017-08-10 17:54:47
202,52.4587616,-1.9432316,168.3,2017-08-10 17:54:58
203,52.4587683,-1.9432284,169.3,2017-08-10 17:55:08
204,52.458755,-1.9432467,169.9,2017-08-10 17:55:18
205,52.4587283,-1.9432783,169.8,2017-08-10 17:55:28
206,52.45872,-1.94328,166.7,2017-08-10 17:55:38
207,52.4586933,-1.94329,165.7,2017-08-10 17:55:48
208,52.45867,-1.9433083,167.4,2017-08-10 17:55:58
209,52.4586516,-1.9433283,169.1,2017-08-10 17:56:08
210,52.4586983,-1.9432233,171.1,2017-08-10 17:56:18
211,52.4586733,-1.9432783,170.5,2017-08-10 17:56:28
212,52.4586633,-1.943285,169.7,2017-08-10 17:56:38
213,52.4586467,-1.9433233,170.1,2017-08-10 17:56:48
214,52.45864,-1.943395,168.1,2017-08-10 17:56:58
215,52.4586383,-1.943435,164.9,2017-08-10 17:57:08
216,52.458625,-1.9434566,164.0,2017-08-10 17:57:18
217,52.4586333,-1.94348,163.0,2017-08-10 17:57:28
218,52.458615,-1.9434984,164.1,2017-08-10 17:57:38
219,52.4586033,-1.943525,163.5,2017-08-10 17:57:48
220,52.45857,-1.9435083,163.8,2017-08-10 17:57:58
221,52.45854,-1.943495,165.0,2017-08-10 17:58:08
222,52.4585117,-1.9434767,162.9,2017-08-10 17:58:19
223,52.45847,-1.9434683,163.9,2017-08-10 17:58:29
224,52.4584566,-1.943495,164.5,2017-08-10 17:58:39
225,52.4584416,-1.9435333,164.2,2017-08-10 17:58:49
226,52.4584316,-1.9435333,168.1,2017-08-10 17:58:59
227,52.458455,-1.9436083,170.1,2017-08-10 17:59:09
228,52.45848,-1.9436833,174.0,2017-08-10 17:59:19
229,52.45849,-1.9437567,176.4,2017-08-10 17:59:29
230,52.4584566,-1.9437683,176.2,2017-08-10 17:59:39
231,52.4584633,-1.9437516,175.3,2017-08-10 17:59:49
232,52.458385,-1.9437634,172.7,2017-08-10 17:59:59
233,52.4583466,-1.943815,169.9,2017-08-10 18:00:09
234,52.4583333,-1.9438017,167.2,2017-08-10 18:00:19
235,52.4582983,-1.9438283,168.0,2017-08-10 18:00:29
236,52.4582783,-1.94386,164.4,2017-08-10 18:00:39
237,52.45826,-1.94391,165.3,2017-08-10 18:00:49
238,52.4582416,-1.94392,167.6,2017-08-10 18:00:59
239,52.45824,-1.9439267,168.3,2017-08-10 18:01:09
240,52.4582283,-1.943935,170.5,2017-08-10 18:01:19
241,52.4582133,-1.94394,172.7,2017-08-10 18:01:30
242,52.4582133,-1.94394,172.8,2017-08-10 18:01:40
243,52.4582017,-1.9439617,173.2,2017-08-10 18:01:50
244,52.4582083,-1.9439617,172.1,2017-08-10 18:02:00
245,52.4582183,-1.9439567,170.9,2017-08-10 18:02:10
246,52.4582166,-1.9439567,172.2,2017-08-10 18:02:20
247,52.4582233,-1.9439567,170.0,2017-08-10 18:02:30
248,52.4582316,-1.9439467,168.8,2017-08-10 18:02:40
249,52.45823,-1.9439417,168.4,2017-08-10 18:02:50
250,52.458235,-1.9439334,167.2,2017-08-10 18:03:00
251,52.45823,-1.9439433,166.4,2017-08-10 18:03:10
252,52.4582283,-1.943955,167.7,2017-08-10 18:03:20
253,52.458225,-1.9439633,169.8,2017-08-10 18:03:30
254,52.4582216,-1.9439684,170.6,2017-08-10 18:03:40
255,52.458225,-1.94396,169.0,2017-08-10 18:03:50
256,52.4582233,-1.94396,168.1,2017-08-10 18:04:00
257,52.458225,-1.9439617,166.8,2017-08-10 18:04:11
258,52.4582233,-1.9439667,166.3,2017-08-10 18:04:21
259,52.4582216,-1.9439684,166.5,2017-08-10 18:04:32
260,52.45823,-1.943955,167.3,2017-08-10 18:04:42
261,52.4582283,-1.9439517,166.7,2017-08-10 18:04:52
262,52.4582267,-1.943955,166.9,2017-08-10 18:05:02
263,52.458225,-1.94396,166.9,2017-08-10 18:05:12
264,52.4582233,-1.94396,167.2,2017-08-10 18:05:22
265,52.4582267,-1.9439517,166.5,2017-08-10 18:05:32
266,52.4582283,-1.94394,165.8,2017-08-10 18:05:42
267,52.4582216,-1.943945,166.5,2017-08-10 18:05:52
268,52.4582166,-1.9439366,166.8,2017-08-10 18:06:02
269,52.4582216,-1.943915,164.4,2017-08-10 18:06:12
270,52.4582183,-1.94391,164.2,2017-08-10 18:06:22
271,52.4582233,-1.943905,163.9,2017-08-10 18:06:32
272,52.458225,-1.9439117,164.9,2017-08-10 18:06:42
273,52.45823,-1.943935,165.6,2017-08-10 18:06:52
274,52.4582416,-1.9439383,165.0,2017-08-10 18:07:03
275,52.458235,-1.9439183,165.8,2017-08-10 18:07:13
276,52.4582383,-1.9439133,164.4,2017-08-10 18:07:23
277,52.4582333,-1.9439083,164.6,2017-08-10 18:07:33
278,52.4582366,-1.94389,165.1,2017-08-10 18:07:43
279,52.458235,-1.9438699,164.7,2017-08-10 18:07:54
280,52.4582283,-1.9438633,166.1,2017-08-10 18:08:04
281,52.4582433,-1.9438784,164.9,2017-08-10 18:08:14
282,52.458245,-1.9438967,164.2,2017-08-10 18:08:24
283,52.4582566,-1.943895,165.8,2017-08-10 18:08:34
284,52.4582866,-1.9438884,170.4,2017-08-10 18:08:44
285,52.4582967,-1.9438766,172.8,2017-08-10 18:08:54
286,52.458315,-1.9439067,172.1,2017-08-10 18:09:05
287,52.4583533,-1.9439366,166.9,2017-08-10 18:09:15
288,52.45837,-1.9439467,165.2,2017-08-10 18:09:25
289,52.4583816,-1.9439284,164.1,2017-08-10 18:09:35
290,52.45846,-1.9438533,161.7,2017-08-10 18:09:45
291,52.458445,-1.9438784,158.5,2017-08-10 18:09:55
292,52.458425,-1.9438884,156.0,2017-08-10 18:10:05
293,52.4584333,-1.9439083,156.0,2017-08-10 18:10:15
294,52.4584583,-1.9438617,158.7,2017-08-10 18:10:25
295,52.4584266,-1.9438967,167.3,2017-08-10 18:10:35
296,52.45841,-1.9438833,170.2,2017-08-10 18:10:45
297,52.4584383,-1.9438867,171.1,2017-08-10 18:10:55
298,52.4583933,-1.9439217,170.0,2017-08-10 18:11:05
299,52.458425,-1.9439217,170.3,2017-08-10 18:11:16
300,52.4584516,-1.9439166,169.3,2017-08-10 18:11:26
301,52.45843,-1.94395,167.0,2017-08-10 18:11:36
302,52.4584183,-1.94399,169.2,2017-08-10 18:11:46
303,52.4584217,-1.9439717,170.9,2017-08-10 18:11:56
304,52.458405,-1.943965,171.9,2017-08-10 18:12:06
305,52.4584017,-1.9439717,173.0,2017-08-10 18:12:16
306,52.4584033,-1.9439884,173.7,2017-08-10 18:12:26
307,52.4583733,-1.9440333,172.6,2017-08-10 18:12:36
308,52.4583533,-1.944015,170.5,2017-08-10 18:12:46
309,52.458375,-1.9440267,167.6,2017-08-10 18:12:56
310,52.458375,-1.9440683,166.8,2017-08-10 18:13:07
311,52.4583533,-1.9441233,166.2,2017-08-10 18:13:17
312,52.4583616,-1.94414,166.5,2017-08-10 18:13:27
313,52.4583733,-1.94415,166.0,2017-08-10 18:13:37
314,52.4583783,-1.9441584,166.2,2017-08-10 18:13:47
315,52.4583716,-1.9441467,167.2,2017-08-10 18:13:57
316,52.45836,-1.9441483,170.0,2017-08-10 18:14:07
317,52.4583683,-1.94416,169.1,2017-08-10 18:14:17
318,52.4583733,-1.9441617,169.2,2017-08-10 18:14:28
319,52.4583716,-1.9441584,168.8,2017-08-10 18:14:38
320,52.458375,-1.9441633,168.9,2017-08-10 18:14:48
321,52.458385,-1.9441984,168.4,2017-08-10 18:14:58
322,52.458385,-1.944185,171.1,2017-08-10 18:15:08
323,52.4583633,-1.9441033,172.6,2017-08-10 18:15:18
324,52.458355,-1.9440783,173.1,2017-08-10 18:15:28
325,52.4583716,-1.9441167,172.5,2017-08-10 18:15:38
326,52.4583716,-1.9441416,172.6,2017-08-10 18:15:48
327,52.458375,-1.9441566,171.7,2017-08-10 18:15:58
328,52.45838,-1.944175,169.3,2017-08-10 18:16:08
329,52.4583733,-1.9441233,169.7,2017-08-10 18:16:18
330,52.4583733,-1.9441167,168.3,2017-08-10 18:16:28
331,52.4583916,-1.9441,166.1,2017-08-10 18:16:38
332,52.4584383,-1.9441667,165.0,2017-08-10 18:16:48
333,52.458485,-1.9441633,161.4,2017-08-10 18:16:58
334,52.4584783,-1.9442,162.2,2017-08-10 18:17:08
335,52.4584666,-1.9442433,162.1,2017-08-10 18:17:19
336,52.4584466,-1.944295,165.2,2017-08-10 18:17:29
337,52.4584366,-1.9443217,167.5,2017-08-10 18:17:40
338,52.458405,-1.9443634,170.8,2017-08-10 18:17:50
339,52.4583983,-1.94437,170.3,2017-08-10 18:18:00
340,52.4584033,-1.9443733,169.2,2017-08-10 18:18:10
341,52.4584116,-1.94438,169.9,2017-08-10 18:18:20
342,52.4584116,-1.9443684,170.5,2017-08-10 18:18:30
343,52.4584,-1.9443533,170.3,2017-08-10 18:18:40
344,52.4584,-1.94435,172.9,2017-08-10 18:18:50
345,52.4583983,-1.94436,175.5,2017-08-10 18:19:00
346,52.4583983,-1.944355,176.4,2017-08-10 18:19:10
347,52.4583833,-1.9443384,175.2,2017-08-10 18:19:20
348,52.4583767,-1.9443567,174.2,2017-08-10 18:19:30
349,52.4583767,-1.94436,171.1,2017-08-10 18:19:40
350,52.458375,-1.94436,168.7,2017-08-10 18:19:50
351,52.4583783,-1.9443617,166.7,2017-08-10 18:20:00
352,52.458365,-1.944375,166.3,2017-08-10 18:20:10
353,52.45836,-1.9443883,167.1,2017-08-10 18:20:20
354,52.458355,-1.9443451,166.3,2017-08-10 18:20:30
355,52.4583583,-1.9443167,166.2,2017-08-10 18:20:41
356,52.458325,-1.9443716,165.5,2017-08-10 18:20:51
357,52.4583133,-1.944395,164.7,2017-08-10 18:21:01
358,52.45831,-1.9443967,164.1,2017-08-10 18:21:11
359,52.4583016,-1.9444183,165.0,2017-08-10 18:21:21
360,52.4583,-1.944425,165.2,2017-08-10 18:21:31
361,52.4582967,-1.9444383,164.2,2017-08-10 18:21:41
362,52.4583233,-1.944585,165.1,2017-08-10 18:21:51
363,52.4583483,-1.9446717,165.5,2017-08-10 18:22:01
364,52.4583733,-1.94471,167.4,2017-08-10 18:22:11
365,52.4583533,-1.94474,171.5,2017-08-10 18:22:21
366,52.458395,-1.9447483,169.5,2017-08-10 18:22:31
367,52.4584583,-1.9446884,163.1,2017-08-10 18:22:41
368,52.458505,-1.94472,154.9,2017-08-10 18:22:51
369,52.4584483,-1.9447984,163.3,2017-08-10 18:23:01
370,52.4584733,-1.94493,152.6,2017-08-10 18:23:11
371,52.458425,-1.9448183,156.2,2017-08-10 18:23:21
372,52.458315,-1.94443,160.1,2017-08-10 18:23:31
373,52.4583516,-1.9444833,163.6,2017-08-10 18:23:41
374,52.4584333,-1.9445533,163.3,2017-08-10 18:23:51
375,52.4584633,-1.9446284,163.5,2017-08-10 18:24:01
376,52.458455,-1.9446867,165.9,2017-08-10 18:24:12
377,52.4584566,-1.944735,170.4,2017-08-10 18:24:22
378,52.4584416,-1.9447233,172.7,2017-08-10 18:24:32
379,52.4583933,-1.944755,172.8,2017-08-10 18:24:42
380,52.458385,-1.9447716,173.1,2017-08-10 18:24:52
381,52.4584566,-1.9448134,171.9,2017-08-10 18:25:02
382,52.4584783,-1.9448267,172.4,2017-08-10 18:25:12
383,52.4585266,-1.9448617,172.1,2017-08-10 18:25:22
384,52.45853,-1.944875,173.1,2017-08-10 18:25:32
385,52.4585233,-1.9448783,180.7,2017-08-10 18:25:42
386,52.4585566,-1.9448833,182.6,2017-08-10 18:25:52
387,52.4585583,-1.9449266,188.4,2017-08-10 18:26:02
388,52.4585366,-1.9449367,191.4,2017-08-10 18:26:12
389,52.4585433,-1.9448933,187.9,2017-08-10 18:26:22
390,52.45853,-1.944885,185.8,2017-08-10 18:26:32
391,52.45851,-1.9448617,186.6,2017-08-10 18:26:42
392,52.458505,-1.944825,182.2,2017-08-10 18:26:52
393,52.458495,-1.9448367,180.7,2017-08-10 18:27:02
394,52.458495,-1.9447933,178.4,2017-08-10 18:27:12
395,52.4585283,-1.9448233,176.5,2017-08-10 18:27:23
396,52.4584883,-1.9448034,175.7,2017-08-10 18:27:33
397,52.4584566,-1.9447067,170.2,2017-08-10 18:27:43
398,52.45846,-1.9447067,166.2,2017-08-10 18:27:53
399,52.4585,-1.9447267,160.9,2017-08-10 18:28:03
400,52.4585,-1.94474,159.8,2017-08-10 18:28:13
401,52.45853,-1.9447383,160.4,2017-08-10 18:28:23
402,52.4585466,-1.9447667,166.0,2017-08-10 18:28:33
403,52.458595,-1.9447317,168.0,2017-08-10 18:28:43
404,52.4585633,-1.9447567,171.0,2017-08-10 18:28:53
405,52.4585166,-1.9448034,170.6,2017-08-10 18:29:03
406,52.4585117,-1.9447967,167.6,2017-08-10 18:29:13
407,52.4585117,-1.944775,169.1,2017-08-10 18:29:24
408,52.45851,-1.9447716,172.4,2017-08-10 18:29:34
409,52.45852,-1.944755,171.5,2017-08-10 18:29:44
410,52.4585183,-1.94482,168.5,2017-08-10 18:29:54
411,52.4585666,-1.9448917,171.0,2017-08-10 18:30:04
412,52.4585833,-1.9449416,172.3,2017-08-10 18:30:14
413,52.4586266,-1.94501,171.8,2017-08-10 18:30:24
414,52.4586383,-1.9449816,171.0,2017-08-10 18:30:35
415,52.4586366,-1.9449883,169.0,2017-08-10 18:30:45
416,52.4585933,-1.9450117,169.0,2017-08-10 18:30:55
417,52.4585866,-1.945005,170.4,2017-08-10 18:31:05
418,52.4585816,-1.9450083,171.4,2017-08-10 18:31:15
419,52.4585666,-1.94505,170.6,2017-08-10 18:31:25
420,52.4585583,-1.94503,171.2,2017-08-10 18:31:35
421,52.45855,-1.945015,172.3,2017-08-10 18:31:45
422,52.4585466,-1.9450266,171.1,2017-08-10 18:31:55
423,52.4585583,-1.9451084,173.8,2017-08-10 18:32:05
424,52.4585266,-1.9450716,181.5,2017-08-10 18:32:15
425,52.4585166,-1.9450684,174.1,2017-08-10 18:32:25
426,52.4585433,-1.9451417,164.9,2017-08-10 18:32:35
427,52.4585566,-1.9451367,161.6,2017-08-10 18:32:45
428,52.4585517,-1.9450983,167.2,2017-08-10 18:32:55
429,52.458555,-1.94511,169.7,2017-08-10 18:33:05
430,52.4585317,-1.94515,168.1,2017-08-10 18:33:15
431,52.4585066,-1.9452116,170.4,2017-08-10 18:33:25
432,52.4584866,-1.94526,169.2,2017-08-10 18:33:35
433,52.458485,-1.945275,169.1,2017-08-10 18:33:45
434,52.458485,-1.9452884,168.2,2017-08-10 18:33:56
435,52.4584733,-1.9453267,168.0,2017-08-10 18:34:06
436,52.4584783,-1.9453517,167.7,2017-08-10 18:34:17
437,52.4584866,-1.9453533,169.6,2017-08-10 18:34:27
438,52.4584766,-1.94537,168.6,2017-08-10 18:34:37
439,52.45846,-1.9453884,167.5,2017-08-10 18:34:47
440,52.4584466,-1.9454016,166.8,2017-08-10 18:34:57
441,52.458455,-1.945385,168.1,2017-08-10 18:35:07
442,52.4584566,-1.94538,168.1,2017-08-10 18:35:17
443,52.4584316,-1.9453951,168.8,2017-08-10 18:35:27
444,52.4584333,-1.945385,167.6,2017-08-10 18:35:37
445,52.45844,-1.9453783,166.9,2017-08-10 18:35:47
446,52.458445,-1.9453867,165.6,2017-08-10 18:35:57
447,52.45845,-1.9453983,168.2,2017-08-10 18:36:07
448,52.458455,-1.9454016,171.8,2017-08-10 18:36:17
449,52.458445,-1.9454033,170.4,2017-08-10 18:36:27
450,52.4584833,-1.94541,154.3,2017-08-10 18:41:07
451,52.458475,-1.9453633,167.4,2017-08-10 18:41:17
452,52.4584917,-1.9453583,168.2,2017-08-10 18:41:27
453,52.4584917,-1.94536,168.4,2017-08-10 18:41:37
454,52.45848,-1.94533,166.5,2017-08-10 18:41:47
455,52.4584783,-1.94531,166.8,2017-08-10 18:41:57
456,52.45849,-1.9453,167.6,2017-08-10 18:42:07
457,52.4585016,-1.9452966,171.2,2017-08-10 18:42:18
458,52.4584983,-1.945285,171.8,2017-08-10 18:42:28
459,52.4585183,-1.945295,175.7,2017-08-10 18:42:38
460,52.4585016,-1.9452983,172.7,2017-08-10 18:42:48
461,52.4584933,-1.94531,169.9,2017-08-10 18:42:58
462,52.4584866,-1.9453083,169.2,2017-08-10 18:43:08
463,52.4584833,-1.94531,168.7,2017-08-10 18:43:18
464,52.4584816,-1.9453033,169.4,2017-08-10 18:43:28
465,52.4584816,-1.9453017,169.4,2017-08-10 18:43:38
466,52.4584783,-1.9452966,168.1,2017-08-10 18:43:48
467,52.4584666,-1.9451867,173.9,2017-08-10 18:46:31
468,52.458555,-1.9451833,172.9,2017-08-10 18:46:41
469,52.4585583,-1.945135,171.7,2017-08-10 18:46:52
470,52.4586016,-1.9452267,167.9,2017-08-10 18:47:02
471,52.4586166,-1.9452617,167.0,2017-08-10 18:47:12
472,52.458615,-1.9452066,163.1,2017-08-10 18:47:22
473,52.4586116,-1.9451283,163.9,2017-08-10 18:47:33
474,52.4586233,-1.9450867,162.4,2017-08-10 18:47:44
475,52.4586433,-1.9450451,163.4,2017-08-10 18:47:54
476,52.45865,-1.9449984,164.2,2017-08-10 18:48:04
477,52.4586516,-1.9449917,164.9,2017-08-10 18:48:14
478,52.45864,-1.94498,164.2,2017-08-10 18:48:24
479,52.4586433,-1.9449617,163.5,2017-08-10 18:48:34
480,52.45866,-1.9449266,165.8,2017-08-10 18:48:44
481,52.458635,-1.94492,168.3,2017-08-10 18:48:54
482,52.458635,-1.9449717,169.2,2017-08-10 18:49:05
483,52.4586216,-1.9449933,167.6,2017-08-10 18:49:15
484,52.458635,-1.9449883,166.6,2017-08-10 18:49:25
485,52.458655,-1.94496,169.0,2017-08-10 18:49:35
486,52.4587016,-1.9449667,170.2,2017-08-10 18:49:45
487,52.4587333,-1.9449384,171.7,2017-08-10 18:49:55
488,52.4587333,-1.944955,171.8,2017-08-10 18:50:05
489,52.4587566,-1.94494,166.2,2017-08-10 18:50:15
490,52.458785,-1.9449283,168.2,2017-08-10 18:50:25
491,52.4587983,-1.944925,168.3,2017-08-10 18:50:35
492,52.4588,-1.944885,170.7,2017-08-10 18:50:45
493,52.458795,-1.9448767,169.5,2017-08-10 18:50:55
494,52.458805,-1.944865,168.3,2017-08-10 18:51:05
495,52.4588133,-1.9448633,169.2,2017-08-10 18:51:15
496,52.4588183,-1.9448633,170.8,2017-08-10 18:51:25
497,52.4588233,-1.9448633,172.5,2017-08-10 18:51:35
498,52.4588233,-1.9448584,171.7,2017-08-10 18:51:45
499,52.45882,-1.9448534,170.8,2017-08-10 18:51:55
500,52.45882,-1.9448517,170.3,2017-08-10 18:52:05
501,52.4588183,-1.9448517,169.9,2017-08-10 18:52:15
502,52.4587966,-1.94486,168.8,2017-08-10 18:52:25
503,52.4587866,-1.9448617,168.8,2017-08-10 18:52:36
504,52.4587916,-1.9448617,168.9,2017-08-10 18:52:46
505,52.4588233,-1.9449583,169.3,2017-08-10 18:53:33
506,52.45882,-1.944815,167.3,2017-08-10 18:53:44
507,52.4588217,-1.9448233,167.3,2017-08-10 18:53:54
508,52.4588166,-1.9448166,166.4,2017-08-10 18:54:04
509,52.4588133,-1.9448016,165.6,2017-08-10 18:54:14
510,52.4588116,-1.9447933,165.9,2017-08-10 18:54:25
511,52.458805,-1.94479,164.4,2017-08-10 18:54:35
512,52.4588,-1.9447833,164.0,2017-08-10 18:54:45
513,52.4588033,-1.944775,163.3,2017-08-10 18:54:55
514,52.4588066,-1.9447716,163.2,2017-08-10 18:55:05
515,52.45881,-1.9447767,164.1,2017-08-10 18:55:15
516,52.4588066,-1.9447767,163.7,2017-08-10 18:55:25
517,52.458805,-1.9447767,162.4,2017-08-10 18:55:35
518,52.458805,-1.9447716,163.1,2017-08-10 18:55:45
519,52.4588433,-1.9449117,173.3,2017-08-10 18:56:11
520,52.458835,-1.944815,170.2,2017-08-10 18:56:21
521,52.4588333,-1.9448067,168.3,2017-08-10 18:56:31
522,52.4588566,-1.9448016,169.0,2017-08-10 18:56:42
523,52.45885,-1.9448016,168.5,2017-08-10 18:56:52
524,52.4588433,-1.9447867,169.8,2017-08-10 18:57:02
525,52.4588466,-1.9447833,169.8,2017-08-10 18:57:12
526,52.458845,-1.9447734,168.3,2017-08-10 18:57:22
527,52.4588366,-1.9447734,166.5,2017-08-10 18:57:32
528,52.458835,-1.9447716,166.1,2017-08-10 18:57:42
529,52.4588333,-1.944765,167.0,2017-08-10 18:57:52
530,52.4588333,-1.944755,166.7,2017-08-10 18:58:02
531,52.45884,-1.9447616,167.6,2017-08-10 18:58:12
532,52.4588383,-1.94475,169.3,2017-08-10 18:58:22
533,52.4588466,-1.944765,168.1,2017-08-10 18:58:32
534,52.4588566,-1.9447616,172.6,2017-08-10 18:58:42
535,52.45884,-1.9447633,167.0,2017-08-10 18:58:52
536,52.4588316,-1.944755,166.0,2017-08-10 18:59:02
537,52.4588217,-1.9447533,165.5,2017-08-10 18:59:12
538,52.4588183,-1.9447533,166.5,2017-08-10 18:59:22
539,52.45882,-1.9447533,162.8,2017-08-10 18:59:32
540,52.4588383,-1.944755,160.0,2017-08-10 18:59:42
541,52.4588466,-1.9447716,162.0,2017-08-10 18:59:53
542,52.4588017,-1.94474,151.7,2017-08-10 19:00:03
543,52.4588217,-1.9447467,150.7,2017-08-10 19:00:13
544,52.4588466,-1.9447767,154.5,2017-08-10 19:00:23
545,52.45883,-1.9447833,157.7,2017-08-10 19:00:34
546,52.4588283,-1.9447817,160.1,2017-08-10 19:00:45
547,52.4588433,-1.9447883,167.1,2017-08-10 19:00:55
548,52.4588566,-1.9447967,170.9,2017-08-10 19:01:05
549,52.4588166,-1.9448016,171.4,2017-08-10 19:01:15
550,52.4588466,-1.9448134,170.1,2017-08-10 19:01:25
551,52.4588666,-1.9448,167.4,2017-08-10 19:01:35
552,52.45884,-1.9447633,167.5,2017-08-10 19:01:45
553,52.45884,-1.9447716,166.2,2017-08-10 19:01:55
554,52.45888,-1.9448016,164.2,2017-08-10 19:02:06
555,52.4588533,-1.9448067,165.5,2017-08-10 19:02:16
556,52.458865,-1.9448016,168.3,2017-08-10 19:02:26
557,52.4588866,-1.9448034,169.2,2017-08-10 19:02:36
558,52.4589183,-1.9448117,169.6,2017-08-10 19:02:46
559,52.458915,-1.944805,168.7,2017-08-10 19:02:56
560,52.4589283,-1.9447716,168.3,2017-08-10 19:03:07
561,52.45893,-1.9447584,167.6,2017-08-10 19:03:17
562,52.458945,-1.944765,168.2,2017-08-10 19:03:27
563,52.4589566,-1.9447616,169.9,2017-08-10 19:03:37
564,52.458955,-1.9447533,169.6,2017-08-10 19:03:47
565,52.4589533,-1.94476,168.6,2017-08-10 19:03:57
566,52.4589533,-1.94477,166.8,2017-08-10 19:04:07
567,52.4589516,-1.9447801,166.8,2017-08-10 19:04:17
568,52.4589516,-1.9447833,164.3,2017-08-10 19:04:27
569,52.4589566,-1.9447783,165.5,2017-08-10 19:04:37
570,52.458935,-1.944775,163.6,2017-08-10 19:04:47
571,52.4589267,-1.9447734,164.4,2017-08-10 19:04:57
572,52.4589183,-1.9448,166.8,2017-08-10 19:05:07
573,52.4589816,-1.9448083,167.5,2017-08-10 19:05:17
574,52.45902,-1.9447783,168.8,2017-08-10 19:05:27
575,52.45904,-1.9447584,164.0,2017-08-10 19:05:37
576,52.459035,-1.9447067,166.2,2017-08-10 19:05:47
577,52.4590533,-1.9446884,168.6,2017-08-10 19:05:57
578,52.4590867,-1.944685,165.6,2017-08-10 19:06:08
579,52.4590583,-1.94467,163.1,2017-08-10 19:06:18
580,52.459085,-1.9446284,168.0,2017-08-10 19:06:28
581,52.459145,-1.9445733,180.1,2017-08-10 19:06:38
582,52.45913,-1.94462,178.1,2017-08-10 19:06:48
583,52.459125,-1.9446583,177.8,2017-08-10 19:06:58
584,52.45912,-1.9446117,176.3,2017-08-10 19:07:08
585,52.4591183,-1.9446067,174.5,2017-08-10 19:07:18
586,52.4591266,-1.944595,172.6,2017-08-10 19:07:28
587,52.4591383,-1.9446316,172.9,2017-08-10 19:07:38
588,52.4588966,-1.9444367,139.9,2017-08-10 19:08:11
589,52.4590433,-1.9446717,165.0,2017-08-10 19:08:21
590,52.4590216,-1.9446667,168.5,2017-08-10 19:08:32
591,52.4589967,-1.94463,171.0,2017-08-10 19:08:42
592,52.4589467,-1.9445983,171.5,2017-08-10 19:08:52
593,52.4589117,-1.9445417,171.3,2017-08-10 19:09:02
594,52.4588783,-1.9444383,172.3,2017-08-10 19:09:12
595,52.458865,-1.94438,169.8,2017-08-10 19:09:22
596,52.4588217,-1.9443983,168.1,2017-08-10 19:09:32
597,52.4587533,-1.9444034,171.0,2017-08-10 19:09:42
598,52.45872,-1.9443217,171.5,2017-08-10 19:09:52
599,52.458735,-1.9443451,170.1,2017-08-10 19:10:02
600,52.4587133,-1.9442767,171.5,2017-08-10 19:10:12
601,52.4586416,-1.9442717,175.5,2017-08-10 19:10:22
602,52.4585933,-1.944325,175.6,2017-08-10 19:10:32
603,52.4585366,-1.9443716,178.3,2017-08-10 19:10:42
604,52.4585066,-1.94437,179.4,2017-08-10 19:10:52
605,52.4584717,-1.9443617,181.0,2017-08-10 19:11:02
606,52.4584616,-1.9442767,179.6,2017-08-10 19:11:12
607,52.4584533,-1.9441883,180.4,2017-08-10 19:11:22
608,52.4584233,-1.94411,178.2,2017-08-10 19:11:32
609,52.4584,-1.9440867,178.7,2017-08-10 19:11:43
610,52.4583833,-1.9441033,176.3,2017-08-10 19:11:53
611,52.4583867,-1.9441517,176.3,2017-08-10 19:12:03
612,52.458375,-1.9441134,175.3,2017-08-10 19:12:13
613,52.4584116,-1.944165,175.9,2017-08-10 19:12:23
614,52.4583933,-1.9441866,172.1,2017-08-10 19:12:33
615,52.458365,-1.9441534,170.3,2017-08-10 19:12:43
616,52.4583233,-1.944125,169.3,2017-08-10 19:12:53
617,52.45833,-1.9441167,166.9,2017-08-10 19:13:03
618,52.4583367,-1.94413,166.8,2017-08-10 19:13:13
619,52.458345,-1.944125,166.9,2017-08-10 19:13:23
620,52.4583483,-1.944105,166.9,2017-08-10 19:13:33
621,52.4583616,-1.944115,167.4,2017-08-10 19:13:43
622,52.4583716,-1.9440633,169.8,2017-08-10 19:13:53
623,52.458375,-1.9440817,170.0,2017-08-10 19:14:03
624,52.4583733,-1.9441117,169.6,2017-08-10 19:14:13
625,52.4583867,-1.944085,171.8,2017-08-10 19:14:23
626,52.45838,-1.94408,171.1,2017-08-10 19:14:33
627,52.458405,-1.9443266,201.6,2017-08-10 19:32:42
628,52.4584966,-1.9441566,184.2,2017-08-10 19:32:52
629,52.4585967,-1.9441333,168.0,2017-08-10 19:33:02
630,52.458565,-1.9442633,169.6,2017-08-10 19:33:12
631,52.4586216,-1.94452,167.9,2017-08-10 19:33:33
632,52.45889,-1.944595,163.5,2017-08-10 19:33:43
633,52.458805,-1.9445884,167.1,2017-08-10 19:33:53
634,52.4587116,-1.9445017,164.9,2017-08-10 19:34:03
635,52.4585933,-1.9444516,165.4,2017-08-10 19:34:13
636,52.458565,-1.9444034,166.0,2017-08-10 19:34:24
637,52.45853,-1.944315,181.3,2017-08-10 19:34:34
638,52.4581166,-1.9441,179.5,2017-08-10 19:34:44
639,52.4583433,-1.9440616,168.2,2017-08-10 19:34:55
640,52.45835,-1.944085,160.2,2017-08-10 19:35:05
641,52.4582533,-1.9440783,162.7,2017-08-10 19:35:15
642,52.4583983,-1.944175,164.3,2017-08-10 19:35:25
643,52.4583233,-1.9441817,164.6,2017-08-10 19:35:35
644,52.4582166,-1.9441267,165.7,2017-08-10 19:35:45
645,52.4581716,-1.9441033,166.6,2017-08-10 19:35:55
646,52.4583867,-1.9441817,167.1,2017-08-10 19:36:05
647,52.458205,-1.9441083,166.3,2017-08-10 19:36:15
648,52.4581016,-1.9439783,166.4,2017-08-10 19:36:25
649,52.4573983,-1.943605,166.4,2017-08-10 19:36:35
650,52.4576783,-1.944,167.7,2017-08-10 19:36:45
651,52.4576683,-1.94402,165.2,2017-08-10 19:36:55
652,52.4580466,-1.9441917,166.3,2017-08-10 19:37:05
653,52.4581166,-1.9441517,165.7,2017-08-10 19:37:15
654,52.45821,-1.9441566,165.9,2017-08-10 19:37:25
655,52.4580533,-1.9442466,165.9,2017-08-10 19:37:35
656,52.4577816,-1.944305,165.6,2017-08-10 19:37:45
657,52.4575667,-1.9442384,164.1,2017-08-10 19:37:56
658,52.4579733,-1.94423,164.2,2017-08-10 19:38:06
659,52.4579867,-1.9442433,164.1,2017-08-10 19:38:16
660,52.4582366,-1.9441783,163.6,2017-08-10 19:38:26
661,52.4583816,-1.9441883,162.9,2017-08-10 19:38:36
662,52.4590616,-1.9442199,163.6,2017-08-10 19:38:46
663,52.4593116,-1.9444367,165.5,2017-08-10 19:38:56
664,52.4582233,-1.944285,165.8,2017-08-10 19:41:25
665,52.458295,-1.944265,165.6,2017-08-10 19:41:35
666,52.4584066,-1.944245,165.8,2017-08-10 19:41:46
667,52.4584217,-1.9442217,167.5,2017-08-10 19:41:56
668,52.458445,-1.9442083,165.5,2017-08-10 19:42:06
